{"hostname": "files.000webhost.com", 
 "username": "smpestores",
 "password": "pUfEtJiPzgBi8n6", 
 "db_user": "python_connector",
 "db_password": "pUfEtJiPzgBi8n6",
 "db_name": "smp_backend",
 "new_product_webhook": "https://discord.com/api/webhooks/1033995493690314772/6QK41iXToj0o15F4RpDgPkkRa0c-rowjCOsBpXkSlwllDVgi3s7xu_jrlLAPETgQG7iV",
 "price_update_webhook": "https://discord.com/api/webhooks/1033995728730734592/lLlYv66oyxe0rbBOiX9BR2AIqNV0_hANz0LGZma9MLxknfeIm7vVyDbAeM1mkX0lokwB",
 "stock_update_webhook": "https://discord.com/api/webhooks/1033995854794731530/6F4oKp34nJ9_Q8n28KcXKEas1Kjd_dRjiQHSUUgaJaWU32vdaGHT8j5pSPmt_5fkCLXH",
 "consumer_key": "ck_1c4e4fa2e1b99fc39ea88dc75174ea9e29fc163e", 
 "consumer_secret": "cs_bf2f8f9e55f17f3af53aed67e0352dcdc4ab9079",
 "domain": "https://www.smpestores.com",
 "proxy_link" : "https://proxy.webshare.io/api/v2/proxy/list/download/qxqevrdkshuimwaelkiappajspfwkgsddyedohfz/-/any/username/direct/-/",
 "bot_id" : "1058777596424368138",
  "bot_secret_key" : "uwC_bUOioSSB4M15pSeCzju2swEaY_23",
  "bot_token": "MTA1ODc3NzU5NjQyNDM2ODEzOA.GwoU_9.VgIwMdYyledmhkznhgjHphLWOKqkH4MUlQr0WM",
  "woocommerce_key" : "ck_1c4e4fa2e1b99fc39ea88dc75174ea9e29fc163e",
  "woocommerce_secret" : "cs_bf2f8f9e55f17f3af53aed67e0352dcdc4ab9079",
  "reduce_amt" : 10
 }